ID,30mer,CRISPRon
guide_0_p_5,CACCCACGCCCCCACCCTAATCAGAGGCCA,63.54
guide_0_m_4,TGGCCTCTGATTAGGGTGGGGGCGTGGGTG,7.14
guide_1_p_5,CACCCATGCCCCCACCCTAATCAGAGGCCA,64.33
guide_1_m_4,TGGCCTCTGATTAGGGTGGGGGCATGGGTG,9.37
guide_2_p_5,CACCCATGCCCCCACCCTAATCAGAGGCCA,64.33
guide_2_m_4,TGGCCTCTGATTAGGGTGGGGGCATGGGTG,9.37
guide_3_p_5,CCTAATCAGAGGCCAAACCCTTCCTGGAGC,21.60
guide_4_p_5,CTAGCTTCAAAGTTGTATTGACCCTGGTGT,44.42
guide_5_p_5,AGAGTAGATGCCATATCTCTTTTCTGGCCT,13.89
guide_6_p_5,TTCTGGCCTATGTTATTACCTGTATGGACT,35.87
guide_7_p_5,TTCTAGCCTATGTTATTACCTGTATGGACT,35.10
guide_8_p_5,TTATTACCTGTATGGACTTTGCACTGGAAT,59.33
guide_9_p_5,TATCTGCTCTTACTTATGCACACCTGGGGC,13.43
guide_10_p_5,ATCTGCTCTTACTTATGCACACCTGGGGCA,58.85
guide_11_p_5,TCTGCTCTTACTTATGCACACCTGGGGCAT,50.20
guide_12_p_5,CTGTCTAGCTGCCTTCCTTATCACAGGAAT,54.62
guide_13_p_5,CTGTCTAGCTGTCTTCCTTATCACAGGAAT,58.30
guide_14_p_5,TCCTTATCACAGGAATAGCACCCAAGGTCC,57.69
guide_15_p_5,TCCTTATCACAGGAATAGCACCCATGGTCC,58.70
guide_16_p_5,AGTAGAACCCCCTATAAACTAGTCTGGTTT,27.48
guide_17_p_5,CTATAAACTAGTCTGGTTTGCCCATGGGGC,41.06
guide_18_p_5,TATAAACTAGTCTGGTTTGCCCATGGGGCA,37.67
guide_19_p_5,ATAAACTAGTCTGGTTTGCCCATGGGGCAC,46.72
guide_20_p_5,CTGGTTTGCCCATGGGGCACAGTCAGGCTG,24.67
guide_21_p_5,CTGGTTTGCCCATGGGACACAGTCAGGCTG,33.18
guide_22_p_5,TGGGGCACAGTCAGGCTGTTTTCCAGGGTG,19.37
guide_23_p_5,TGGGACACAGTCAGGCTGTTTTCCAGGGTG,19.79
guide_24_p_5,GGGGCACAGTCAGGCTGTTTTCCAGGGTGG,37.32
guide_25_p_5,GCACAGTCAGGCTGTTTTCCAGGGTGGGGT,45.87
guide_26_p_5,GCACAGTCAGGCTGTTTTCCAGGGGGGGGT,49.48
guide_27_p_5,CACAGTCAGGCTGTTTTCCAGGGTGGGGTG,48.51
guide_28_p_5,CACAGTCAGGCTGTTTTCCAGGGGGGGGTG,48.49
guide_29_p_5,ACAGTCAGGCTGTTTTCCAGGGTGGGGTGC,50.46
guide_30_p_5,ACAGTCAGGCTGTTTTCCAGGGGGGGGTGC,42.77
guide_31_p_5,CACACGTATGTGTTGTGATCCCTGTGGTTT,64.19
guide_32_p_5,TGTGATCCCTGTGGTTTGAGAGTTTGGAGC,24.28
guide_33_p_5,CCCTAAAAGTCAAAATATTCTCAATGGGCC,20.36
guide_34_p_5,CCCTAAAAGTCAAAATATTCTCAGTGGGCC,34.41
guide_35_p_5,CCTAAAAGTCAAAATATTCTCAATGGGCCC,21.21
guide_36_p_5,CCTAAAAGTCAAAATATTCTCAGTGGGCCC,32.52
guide_37_p_5,CCTCAATCAGCACATACACACAAAAGGTAC,38.60
guide_38_p_5,CAGCACATACACACAAAAGGTACCTGGAAA,47.54
guide_39_p_5,CAGCACATACACACAAAAGGTGCCTGGAAA,45.43
guide_40_p_5,GTAATTCTTTTCCTGCTCAAAGACAGGCAA,11.83
guide_41_p_5,CCCAACCAAAAACCCTTGCCACCATGGGAG,46.29
guide_42_p_5,CCCAACCAAAAACCATTGCCACCATGGGAG,47.54
guide_43_p_5,CCCAACCAAAAACCATTGCCACCATGGGAG,47.54
guide_44_p_5,CCCAACCAAAAACCATTGCCACCATGGGAG,47.54
guide_45_p_5,CCCAACCAAAAACCATTGCCACCATGGGAG,47.54
guide_46_p_5,CCCAGCCAAAAACCCTTGCCACCATGGGAG,45.01
guide_47_p_5,CCCAACCAAAAACCATTGCCACCATGGGAG,47.54
guide_48_p_5,CCCAACCAAAAACCATTGCCACCATGGGAG,47.54
guide_49_p_5,CCCAACCAAAAACCATTGCCACCATGGGAG,47.54
guide_50_p_5,CCAACCAAAAACCCTTGCCACCATGGGAGC,30.85
guide_51_p_5,CCAACCAAAAACCATTGCCACCATGGGAGC,36.44
guide_52_p_5,CCAACCAAAAACCATTGCCACCATGGGAGC,36.44
guide_53_p_5,CCAACCAAAAACCATTGCCACCATGGGAGC,36.44
guide_54_p_5,CCAACCAAAAACCATTGCCACCATGGGAGC,36.44
guide_55_p_5,CCAACCAAAAACCATTGCCACCATGGGAGC,36.44
guide_56_p_5,CCAACCAAAAACCATTGCCACCATGGGAGC,36.44
guide_57_p_5,CCAACCAAAAACCATTGCCACCATGGGAGC,36.44
guide_58_p_5,AAAACCCTTGCCACCATGGGAGCCTGGGGC,20.95
guide_59_p_5,AAAACCATTGCCACCATGGGAGCCTGGGGC,24.93
guide_60_p_5,AAAACCATTGCCACCATGGGAGCCTGGGGC,24.93
guide_61_p_5,AAAACCATTGCCACCATGGGAGCCTGGGGC,24.93
guide_62_p_5,AAAACCATTGCCACCATGGGAGCCTGGGGC,24.93
guide_63_p_5,AAAACCATTGCCACCATGGGAGCCTGGGGC,24.93
guide_64_p_5,AAAACCCTTGCCACCATGGGACCCTGGGGC,43.98
guide_65_p_5,AAAACCATTGCCACCATGGGAGCCTGGGGC,24.93
guide_66_p_5,AAAACCATTGCCACCATGGGAGCCTGGGGC,24.93
guide_67_p_5,AAACCCTTGCCACCATGGGAGCCTGGGGCA,40.33
guide_67_m_4,TGCCCCAGGCTCCCATGGTGGCAAGGGTTT,54.19
guide_68_p_5,AAACCATTGCCACCATGGGAGCCTGGGGCA,39.17
guide_68_m_4,TGCCCCAGGCTCCCATGGTGGCAATGGTTT,49.98
guide_69_p_5,AAACCATTGCCACCATGGGAGCCTGGGGCA,39.17
guide_69_m_4,TGCCCCAGGCTCCCATGGTGGCAATGGTTT,49.98
guide_70_p_5,AAACCATTGCCACCATGGGAGCCTGGGGCA,39.17
guide_70_m_4,TGCCCCAGGCTCCCATGGTGGCAATGGTTT,49.98
guide_71_p_5,AAACCATTGCCACCATGGGAGCCTGGGGCA,39.17
guide_71_m_4,TGCCCCAGGCTCCCATGGTGGCAATGGTTT,49.98
guide_72_p_5,AAACCATTGCCACCATGGGAGCCTGGGGCA,39.17
guide_72_m_4,TGCCCCAGGCTCCCATGGTGGCAATGGTTT,49.98
guide_73_p_5,AAACCCTTGCCACCATGGGACCCTGGGGCA,44.67
guide_73_m_4,TGCCCCAGGGTCCCATGGTGGCAAGGGTTT,55.57
guide_74_p_5,AAACCATTGCCACCATGGGAGCCTGGGGCA,39.17
guide_74_m_4,TGCCCCAGGCTCCCATGGTGGCAATGGTTT,49.98
guide_75_p_5,AAACCATTGCCACCATGGGAGCCTGGGGCA,39.17
guide_75_m_4,TGCCCCAGGCTCCCATGGTGGCAATGGTTT,49.98
guide_76_p_5,AACCCTTGCCACCATGGGAGCCTGGGGCAG,55.05
guide_76_m_4,CTGCCCCAGGCTCCCATGGTGGCAAGGGTT,39.57
guide_77_p_5,AACCATTGCCACCATGGGAGCCTGGGGCAG,57.58
guide_78_p_5,AACCATTGCCACCATGGGAGCCTGGGGCAG,57.58
guide_79_p_5,AACCATTGCCACCATGGGAGCCTGGGGCAG,57.58
guide_80_p_5,AACCATTGCCACCATGGGAGCCTGGGGCAG,57.58
guide_81_p_5,AACCATTGCCACCATGGGAGCCTGGGGCAG,57.58
guide_82_p_5,AACCCTTGCCACCATGGGACCCTGGGGCAG,57.60
guide_82_m_4,CTGCCCCAGGGTCCCATGGTGGCAAGGGTT,38.32
guide_83_p_5,AACCATTGCCACCATGGGAGCCTGGGGCAG,57.58
guide_84_p_5,AACCATTGCCACCATGGGAGCCTGGGGCAG,57.58
guide_85_p_5,CACCATGGGAGCCTGGGGCAGAGAAGGCAC,55.91
guide_86_p_5,CACCATGGGAGCCTGGGTCAGAGAAGGCAC,60.16
guide_87_p_5,CACCATGGGACCCTGGGGCAGAGAAGGCAC,58.69
guide_88_p_5,ACAGTGAAGTCAAACTGTAATTCCAGGCTC,38.69
guide_89_p_5,ACAGTGAAGTCAGACTGTAATTCCAGGCTC,40.66
guide_90_p_5,CAAACTGTAATTCCAGGCTCTAAATGGTGC,21.24
guide_91_p_5,TTTTCTGAGAGTCTCTAAATTACAAGGGTG,19.05
guide_92_p_5,TTTCTGAGAGTCTCTAAATTACAAGGGTGT,44.96
guide_93_p_5,CACCTAAGAAACATACTGCAGCTCTGGAAA,52.30
guide_94_p_5,AAGAGAACAAACAAACCAAAGAGAAGGGAT,51.53
guide_95_p_5,AAGAGAACAAACAAAACAAAGAGAAGGGAT,49.28
guide_96_p_5,AGAGAACAAACAAACCAAAGAGAAGGGATC,44.02
guide_97_p_5,AGAGAACAAACAAAACAAAGAGAAGGGATC,41.39
guide_98_p_5,ACAAACCAAAGAGAAGGGATCCAGAGGTCA,59.11
guide_99_p_5,ATGTGAAAAGTCAATTGATAATGAAGGCTT,36.55
guide_100_p_5,AAGTCAATTGATAATGAAGGCTTTAGGATA,14.33
guide_101_p_5,TGATAATGAAGGCTTTAGGATAACCGGAGG,27.15
guide_102_p_5,TGATAATGAAGGCTTTAGGATAACTGGAGG,23.14
guide_103_p_5,TAATGAAGGCTTTAGGATAACCGGAGGGGA,63.66
guide_104_p_5,TAATGAAGGCTTTAGGATAACTGGAGGGGA,59.17
guide_105_p_5,AATGAAGGCTTTAGGATAACCGGAGGGGAG,66.41
guide_106_p_5,AATGAAGGCTTTAGGATAACTGGAGGGGAG,62.89
guide_107_p_5,ATGAAGGCTTTAGGATAACCGGAGGGGAGA,55.64
guide_108_p_5,ATGAAGGCTTTAGGATAACTGGAGGGGAGA,46.65
guide_109_p_5,TGATTGAAAGCAATGCACCTGTGCAGGAAA,39.86
guide_110_p_5,AAAGCAATGCACCTGTGCAGGAAATGGATT,17.90
guide_111_p_5,TGCACCTGTGCAGGAAATGGATTACGGAAA,33.18
guide_112_p_5,TGCACCTGTGCAGGAAATAGATTACGGAAA,32.04
guide_113_p_5,TGCACCTGTGCAGGAAATAGATTACGGAAA,32.04
guide_114_p_5,TGCACCTGTGCAGGAAATAGATTACGGAAA,32.04
guide_115_p_5,TGCACCTGTGCAGGAAATAGATTACGGAAA,32.04
guide_116_p_5,TGCACCTGTGCAGGAAATAGATTACGGAAA,32.04
guide_117_p_5,TGCACCTGTGCAGGAAATAGATTACGGAAA,32.04
guide_118_p_5,TGCACCTGTGCAGGAAATAGATTACGGAAA,32.04
guide_119_p_5,TGCACCTGTGCAGGAAATAGATTACGGAAA,32.04
guide_120_p_5,TGCACCTGTGCAGGAAATAGATTACGGAAA,32.04
guide_121_p_5,TGCACCTGTGCAGGAAATAGATTACGGAAA,32.04
guide_122_p_5,GTGCAGGAAATGGATTACGGAAACAGGGAA,20.04
guide_123_p_5,GTGCAGGAAATAGATTACGGAAACAGGGAA,15.77
guide_124_p_5,GTGCAGGAAATAGATTACGGAAACAGGGAA,15.77
guide_125_p_5,GTGCAGGAAATAGATTACGGAAACAGGGAA,15.77
guide_126_p_5,GTGCAGGAAATAGATTACGGAAACAGGGAA,15.77
guide_127_p_5,GTGCAGGAAATAGATTACGGAAACAGGGAA,15.77
guide_128_p_5,GTGCAGGAAATAGATTACGGAAACAGGGAA,15.77
guide_129_p_5,GTGCAGGAAATAGATTACGGAAACAGGGAA,15.77
guide_130_p_5,GTGCAGGAAATAGATTACGGAAACAGGGAA,15.77
guide_131_p_5,GTGCAGGAAATAGATTACGGAAACAGGGAA,15.77
guide_132_p_5,GTGCAGGAAATAGATTACGGAAACAGGGAA,15.77
guide_133_p_5,TGCAGGAAATGGATTACGGAAACAGGGAAT,56.48
guide_134_p_5,TGCAGGAAATAGATTACGGAAACAGGGAAT,52.70
guide_135_p_5,TGCAGGAAATAGATTACGGAAACAGGGAAT,52.70
guide_136_p_5,TGCAGGAAATAGATTACGGAAACAGGGAAT,52.70
guide_137_p_5,TGCAGGAAATAGATTACGGAAACAGGGAAT,52.70
guide_138_p_5,TGCAGGAAATAGATTACGGAAACAGGGAAT,52.70
guide_139_p_5,TGCAGGAAATAGATTACGGAAACAGGGAAT,52.70
guide_140_p_5,TGCAGGAAATAGATTACGGAAACAGGGAAT,52.70
guide_141_p_5,TGCAGGAAATAGATTACGGAAACAGGGAAT,52.70
guide_142_p_5,TGCAGGAAATAGATTACGGAAACAGGGAAT,52.70
guide_143_p_5,TGCAGGAAATAGATTACGGAAACAGGGAAT,52.70
guide_144_p_5,CATGAAATCCCAGAAAACCAGAACCGGGAA,37.22
guide_145_p_5,CATGAAATCCCAGAAAAACAGAACCGGGAA,37.78
guide_146_p_5,CATGCAATCCCAGAAAACCAGAACCGGGAA,36.27
guide_147_p_5,ATGAAATCCCAGAAAACCAGAACCGGGAAA,52.40
guide_148_p_5,ATGAAATCCCAGAAAAACAGAACCGGGAAA,48.12
guide_149_p_5,AGAAAACCAGAACCGGGAAAGTTCTGGAAG,37.97
guide_150_p_5,AGAAAAACAGAACCGGGAAAGTTCTGGAAG,37.20
guide_151_p_5,CAGAACCGGGAAAGTTCTGGAAGTCGGAAA,46.32
guide_152_p_5,AAAAACAAATCATGACTTAAGCAATGGAAG,44.67
guide_153_p_5,GTTTACAGAATGCCTTGTCCCACGAGGCAA,62.27
guide_154_p_5,GTTTACAGAATGCCTTGTCCCACAAGGCAA,50.09
guide_155_p_5,ATGCCTTGTCCCACGAGGCAACACAGGCTA,47.28
guide_155_m_4,TAGCCTGTGTTGCCTCGTGGGACAAGGCAT,42.44
guide_156_p_5,ATGCCTTGTCCCACAAGGCAACACAGGCTA,48.72
guide_156_m_4,TAGCCTGTGTTGCCTTGTGGGACAAGGCAT,39.80
guide_157_p_5,CGAGGCAACACAGGCTACCACAGATGGGGG,40.62
guide_158_p_5,GAGGCAACACAGGCTACCACAGATGGGGGA,40.10
guide_159_p_5,AGGCAACACAGGCTACCACAGATGGGGGAC,59.53
guide_160_p_5,GGCAACACAGGCTACCACAGATGGGGGACA,63.40
guide_161_p_5,CACAGGCTACCACAGATGGGGGACAGGGTG,44.95
guide_162_p_5,ACAGGCTACCACAGATGGGGGACAGGGTGG,56.51
guide_163_p_5,GGCTACCACAGATGGGGGACAGGGTGGGAG,54.82
guide_164_p_5,GCTACCACAGATGGGGGACAGGGTGGGAGT,46.83
guide_165_p_5,CACAGATGGGGGACAGGGTGGGAGTGGACC,34.62
guide_166_p_5,CAGGGTGGGAGTGGACCATCCCAGTGGTGT,60.63
guide_167_p_5,CAGGGTGGGAGTGGACCATTCCAGTGGTGT,62.82
guide_168_p_5,CAGGGTGGGAGTGGACCATTCCAGTGGTGT,62.82
guide_169_p_5,TGGACCATCCCAGTGGTGTTACTGAGGGGC,45.39
guide_170_p_5,TGGACCATTCCAGTGGTGTTACTGAGGGGC,43.37
guide_171_p_5,TGGACCATTCCAGTGGTGTTACTGAGGGGC,43.37
guide_172_p_5,GGACCATCCCAGTGGTGTTACTGAGGGGCA,44.05
guide_172_m_4,TGCCCCTCAGTAACACCACTGGGATGGTCC,51.40
guide_173_p_5,GGACCATTCCAGTGGTGTTACTGAGGGGCA,43.41
guide_173_m_4,TGCCCCTCAGTAACACCACTGGAATGGTCC,46.88
guide_174_p_5,GGACCATTCCAGTGGTGTTACTGAGGGGCA,43.41
guide_174_m_4,TGCCCCTCAGTAACACCACTGGAATGGTCC,46.88
guide_175_p_5,GACCATCCCAGTGGTGTTACTGAGGGGCAA,54.19
guide_176_p_5,GACCATTCCAGTGGTGTTACTGAGGGGCAA,51.72
guide_177_p_5,GACCATTCCAGTGGTGTTACTGAGGGGCAA,51.72
guide_178_p_5,CCCAGTGGTGTTACTGAGGGGCAAAGGGAT,50.02
guide_179_p_5,CCAGTGGTGTTACTGAGGGGCAAAGGGATA,36.69
guide_180_p_5,GAGGGGCAAAGGGATAGCCCTATGAGGCAA,50.37
guide_181_p_5,GATAGCCCTATGAGGCAAGTGTCCAGGGCA,37.42
guide_182_p_5,ATAGCCCTATGAGGCAAGTGTCCAGGGCAG,49.35
guide_183_p_5,TGAGGCAAGTGTCCAGGGCAGAACTGGAGC,33.84
guide_184_p_5,TGGAGCTTTGTGAAACCATTTCCCAGGCAG,53.81
guide_185_p_5,TTTCCCAGGCAGAGACAGAGCACTAGGCTG,54.59
guide_185_m_4,CAGCCTAGTGCTCTGTCTCTGCCTGGGAAA,47.61
guide_186_p_5,CCAGGCAGAGACAGAGCACTAGGCTGGTGC,54.69
guide_187_p_5,GACAATAAGTCTGCCATTGTCCTCTGGTCA,35.69
guide_188_p_5,GACAATGAGTCTGCCATTGTCCTCTGGTCA,39.01
guide_189_p_5,GACAATGAGTCTGCCATTGTCCTCTGGTCA,39.01
guide_190_p_5,GACAATAAGCCTGCCATTGTCCTCTGGTCA,37.60
guide_191_p_5,GACAGTAAGTCTGCCATTGTCCTCTGGTCA,40.05
guide_192_p_5,CTGCCATTGTCCTCTGGTCAGCTCTGGACA,43.08
guide_192_m_4,TGTCCAGAGCTGACCAGAGGACAATGGCAG,68.54
guide_193_p_5,TCTGATTAGGGTGGGGGCGTGGGTGGGGTA,18.13
guide_194_p_5,TCTGATTAGGGTGGGGGCGTGAGTGGGGTA,30.36
guide_195_p_5,TCTGATTAGGGTGGGGGCATGGGTGGGGTA,35.96
guide_196_p_5,TCTGATTAGGGTGGGGGCATGGGTGGGGTA,35.96
guide_197_p_5,CTCTGATTAGGGTGGGGGCGTGGGTGGGGT,24.59
guide_198_p_5,CTCTGATTAGGGTGGGGGCGTGAGTGGGGT,34.95
guide_199_p_5,CTCTGATTAGGGTGGGGGCATGGGTGGGGT,40.97
guide_200_p_5,CTCTGATTAGGGTGGGGGCATGGGTGGGGT,40.97
guide_201_p_5,GGCCTCTGATTAGGGTGGGGGCGTGGGTGG,24.80
guide_202_p_5,GGCCTCTGATTAGGGTGGGGGCATGGGTGG,27.86
guide_203_p_5,GGCCTCTGATTAGGGTGGGGGCATGGGTGG,27.86
guide_204_p_5,TGGCCTCTGATTAGGGTGGGGGCGTGGGTG,7.14
guide_204_m_4,CACCCACGCCCCCACCCTAATCAGAGGCCA,63.54
guide_205_p_5,TGGCCTCTGATTAGGGTGGGGGCATGGGTG,9.37
guide_205_m_4,CACCCATGCCCCCACCCTAATCAGAGGCCA,64.33
guide_206_p_5,TGGCCTCTGATTAGGGTGGGGGCATGGGTG,9.37
guide_206_m_4,CACCCATGCCCCCACCCTAATCAGAGGCCA,64.33
guide_207_p_5,GGGTTTGGCCTCTGATTAGGGTGGGGGCGT,43.51
guide_208_p_5,AGGGTTTGGCCTCTGATTAGGGTGGGGGCG,37.28
guide_209_p_5,AAGGGTTTGGCCTCTGATTAGGGTGGGGGC,47.27
guide_210_p_5,GAAGGGTTTGGCCTCTGATTAGGGTGGGGG,54.11
guide_211_p_5,CAGGAAGGGTTTGGCCTCTGATTAGGGTGG,28.41
guide_212_p_5,CCAGGAAGGGTTTGGCCTCTGATTAGGGTG,31.50
guide_213_p_5,TTATCACAGGCTCCAGGAAGGGTTTGGCCT,36.76
guide_214_p_5,TGCTTTTATCACAGGCTCCAGGAAGGGTTT,44.58
guide_215_p_5,TTGCTTTTATCACAGGCTCCAGGAAGGGTT,44.65
guide_216_p_5,ACAGTTGCTTTTATCACAGGCTCCAGGAAG,43.15
guide_217_p_5,CAAGCTAACAGTTGCTTTTATCACAGGCTC,23.06
guide_218_p_5,TCTACTCTTAGACATAACACACCAGGGTCA,56.41
guide_219_p_5,TCTACTCTTAGATATAACACACCAGGGTCA,58.54
guide_220_p_5,TCTACTCTTAGATATAACACACCAGGGTCA,58.54
guide_221_p_5,TCTACTCTTAGATATAACACACCAGGGTCA,58.54
guide_222_p_5,ATCTACTCTTAGACATAACACACCAGGGTC,47.77
guide_223_p_5,ATCTACTCTTAGATATAACACACCAGGGTC,46.82
guide_224_p_5,ATCTACTCTTAGATATAACACACCAGGGTC,46.82
guide_225_p_5,ATCTACTCTTAGATATAACACACCAGGGTC,46.82
guide_226_p_5,ATAACATAGGCCAGAAAAGAGATATGGCAT,42.39
guide_227_p_5,ATAACATAGGCTAGAAAAGAGATATGGCAT,42.82
guide_228_p_5,CAAAGTCCATACAGGTAATAACATAGGCCA,47.19
guide_229_p_5,CTGATTCCAGTGCAAAGTCCATACAGGTAA,34.24
guide_230_p_5,GATACAGGGCTGGCTCTATGCCCCAGGTGT,56.04
guide_231_p_5,GATGGCTGAAAAGCGATACAGGGCTGGCTC,47.47
guide_232_p_5,GTGAGATGGCTGAAAAGCGATACAGGGCTG,61.99
guide_233_p_5,AGTGAGATGGCTGAAAAGCGATACAGGGCT,33.59
guide_234_p_5,ACTTGGGAGTTATCTGTAGTGAGATGGCTG,50.92
guide_235_p_5,ACTTGGGAGTTACCTGTAGTGAGATGGCTG,52.05
guide_236_p_5,AAGGAAGGCAGCTAGACAGGACTTGGGAGT,53.28
guide_237_p_5,AAGGAAGACAGCTAGACAGGACTTGGGAGT,53.07
guide_238_p_5,TAAGGAAGGCAGCTAGACAGGACTTGGGAG,40.89
guide_239_p_5,TAAGGAAGACAGCTAGACAGGACTTGGGAG,38.82
guide_240_p_5,CTGTGATAAGGAAGGCAGCTAGACAGGACT,27.44
guide_241_p_5,CTGTGATAAGGAAGACAGCTAGACAGGACT,32.37
guide_242_p_5,TGGGTGCTATTCCTGTGATAAGGAAGGCAG,46.21
guide_243_p_5,ACCTTGGGTGCTATTCCTGTGATAAGGAAG,43.32
guide_244_p_5,TACTCTGAGGTACTGATGGACCTTGGGTGC,42.40
guide_245_p_5,TACTCTGAGGTACTGAGGGACCTTGGGTGC,43.06
guide_246_p_5,TACTCTGAGGTACTGATGGACCATGGGTGC,51.99
guide_247_p_5,CTACTCTGAGGTACTGATGGACCTTGGGTG,51.16
guide_248_p_5,CTACTCTGAGGTACTGAGGGACCTTGGGTG,46.68
guide_249_p_5,CTACTCTGAGGTACTGATGGACCATGGGTG,64.62
guide_250_p_5,GGGGGTTCTACTCTGAGGTACTGATGGACC,49.78
guide_251_p_5,GGGGGTTCTACTCTGAGGTACTGAGGGACC,56.04
guide_252_p_5,TAGTTTATAGGGGGTTCTACTCTGAGGTAC,72.26
guide_253_p_5,GGGCAAACCAGACTAGTTTATAGGGGGTTC,48.40
guide_254_p_5,TGGGCAAACCAGACTAGTTTATAGGGGGTT,35.18
guide_255_p_5,ATGGGCAAACCAGACTAGTTTATAGGGGGT,20.50
guide_256_p_5,CATGGGCAAACCAGACTAGTTTATAGGGGG,22.53
guide_257_p_5,GAAAACAGCCTGACTGTGCCCCATGGGCAA,39.28
guide_258_p_5,GAAAACAGCCTGACTGTGTCCCATGGGCAA,42.92
guide_259_p_5,GGAAAACAGCCTGACTGTGCCCCATGGGCA,50.42
guide_260_p_5,GGAAAACAGCCTGACTGTGTCCCATGGGCA,47.94
guide_261_p_5,GCAGAGAATGTCTGCACCCCACCCTGGAAA,50.88
guide_262_p_5,GCAGAGAATGTCTGCACCCCCCCCTGGAAA,35.73
guide_263_p_5,GACGTTATATGTAAGCATCACAACAGGCAG,49.83
guide_264_p_5,GAAGCTCCAAACTCTCAAACCACAGGGATC,35.24
guide_265_p_5,GGAAGCTCCAAACTCTCAAACCACAGGGAT,50.29
guide_266_p_5,CCATTGAGAATATTTTGACTTTTAGGGAAG,3.30
guide_267_p_5,CCCATTGAGAATATTTTGACTTTTAGGGAA,1.45
guide_268_p_5,CCCACTGAGAATATTTTGACTTTTAGGGAA,1.85
guide_269_p_5,CTTTTGTGTGTATGTGCTGATTGAGGGCCC,44.65
guide_270_p_5,CCTTTTGTGTGTATGTGCTGATTGAGGGCC,21.47
guide_271_p_5,GCAGGAAAAGAATTACAGTTTTCCAGGTAC,12.34
guide_272_p_5,GCAGGAAAAGAATTACAGTTTTCTAGGTAC,7.41
guide_273_p_5,GCAGGAAAAGAATTATAGTTTTCCAGGTAC,9.48
guide_274_p_5,GTATTGAATTGCCTGTCTTTGAGCAGGAAA,22.11
guide_275_p_5,GTATTGAATTGTCTGTCTTTGAGCAGGAAA,19.10
guide_276_p_5,GCAAGGGTTTTTGGTTGGGGGAAGGGGTAT,16.96
guide_277_p_5,GCAAGGGTTTTTGGTTGGGAGAAGGGGTAT,33.78
guide_278_p_5,GCAATGGTTTTTGGTTGGGGGAAGGGGTAT,15.66
guide_279_p_5,GCAATGGTTTTTGGTTGGGGGAAGGGGTAT,15.66
guide_280_p_5,GCAATGGTTTTTGGTTGGGGGAAGGGGTAT,15.66
guide_281_p_5,GCAATGGTTTTTGGTTGGGGGAAGGGGTAT,15.66
guide_282_p_5,GCAAGGGTTTTTGGCTGGGGGAAGGGGTAT,18.46
guide_283_p_5,GCAATGGTTTTTGGTTGGGGGAAGGGGTAT,15.66
guide_284_p_5,GCAATGGTTTTTGGTTGGGGGAAGGGGTAT,15.66
guide_285_p_5,GCAATGGTTTTTGGTTGGGGGAAGGGGTAT,15.66
guide_286_p_5,GGCAAGGGTTTTTGGTTGGGGGAAGGGGTA,21.72
guide_287_p_5,GGCAAGGGTTTTTGGTTGGGAGAAGGGGTA,28.87
guide_288_p_5,GGCAATGGTTTTTGGTTGGGGGAAGGGGTA,29.01
guide_289_p_5,GGCAATGGTTTTTGGTTGGGGGAAGGGGTA,29.01
guide_290_p_5,GGCAATGGTTTTTGGTTGGGGGAAGGGGTA,29.01
guide_291_p_5,GGCAATGGTTTTTGGTTGGGGGAAGGGGTA,29.01
guide_292_p_5,GGCAAGGGTTTTTGGCTGGGGGAAGGGGTA,26.39
guide_293_p_5,GGCAATGGTTTTTGGTTGGGGGAAGGGGTA,29.01
guide_294_p_5,GGCAATGGTTTTTGGTTGGGGGAAGGGGTA,29.01
guide_295_p_5,GGCAATGGTTTTTGGTTGGGGGAAGGGGTA,29.01
guide_296_p_5,TGGCAAGGGTTTTTGGTTGGGGGAAGGGGT,27.76
guide_297_p_5,TGGCAAGGGTTTTTGGTTGGGAGAAGGGGT,33.21
guide_298_p_5,TGGCAATGGTTTTTGGTTGGGGGAAGGGGT,28.47
guide_299_p_5,TGGCAATGGTTTTTGGTTGGGGGAAGGGGT,28.47
guide_300_p_5,TGGCAATGGTTTTTGGTTGGGGGAAGGGGT,28.47
guide_301_p_5,TGGCAATGGTTTTTGGTTGGGGGAAGGGGT,28.47
guide_302_p_5,TGGCAAGGGTTTTTGGCTGGGGGAAGGGGT,33.04
guide_303_p_5,TGGCAATGGTTTTTGGTTGGGGGAAGGGGT,28.47
guide_304_p_5,TGGCAATGGTTTTTGGTTGGGGGAAGGGGT,28.47
guide_305_p_5,TGGCAATGGTTTTTGGTTGGGGGAAGGGGT,28.47
guide_306_p_5,ATGGTGGCAAGGGTTTTTGGTTGGGGGAAG,38.64
guide_307_p_5,ATGGTGGCAATGGTTTTTGGTTGGGGGAAG,31.51
guide_308_p_5,ATGGTGGCAATGGTTTTTGGTTGGGGGAAG,31.51
guide_309_p_5,ATGGTGGCAATGGTTTTTGGTTGGGGGAAG,31.51
guide_310_p_5,ATGGTGGCAATGGTTTTTGGTTGGGGGAAG,31.51
guide_311_p_5,ATGGTGGCAAGGGTTTTTGGCTGGGGGAAG,40.98
guide_312_p_5,ATGGTGGCAATGGTTTTTGGTTGGGGGAAG,31.51
guide_313_p_5,ATGGTGGCAATGGTTTTTGGTTGGGGGAAG,31.51
guide_314_p_5,ATGGTGGCAATGGTTTTTGGTTGGGGGAAG,31.51
guide_315_p_5,CATGGTGGCAAGGGTTTTTGGTTGGGGGAA,37.42
guide_316_p_5,CATGGTGGCAATGGTTTTTGGTTGGGGGAA,33.54
guide_317_p_5,CATGGTGGCAATGGTTTTTGGTTGGGGGAA,33.54
guide_318_p_5,CATGGTGGCAATGGTTTTTGGTTGGGGGAA,33.54
guide_319_p_5,CATGGTGGCAATGGTTTTTGGTTGGGGGAA,33.54
guide_320_p_5,CATGGTGGCAAGGGTTTTTGGCTGGGGGAA,41.27
guide_321_p_5,CATGGTGGCAATGGTTTTTGGTTGGGGGAA,33.54
guide_322_p_5,CATGGTGGCAATGGTTTTTGGTTGGGGGAA,33.54
guide_323_p_5,CATGGTGGCAATGGTTTTTGGTTGGGGGAA,33.54
guide_324_p_5,CCATGGTGGCAAGGGTTTTTGGTTGGGGGA,35.81
guide_325_p_5,CCATGGTGGCAATGGTTTTTGGTTGGGGGA,35.27
guide_326_p_5,CCATGGTGGCAATGGTTTTTGGTTGGGGGA,35.27
guide_327_p_5,CCATGGTGGCAATGGTTTTTGGTTGGGGGA,35.27
guide_328_p_5,CCATGGTGGCAATGGTTTTTGGTTGGGGGA,35.27
guide_329_p_5,CCATGGTGGCAAGGGTTTTTGGCTGGGGGA,33.75
guide_330_p_5,CCATGGTGGCAATGGTTTTTGGTTGGGGGA,35.27
guide_331_p_5,CCATGGTGGCAATGGTTTTTGGTTGGGGGA,35.27
guide_332_p_5,CCATGGTGGCAATGGTTTTTGGTTGGGGGA,35.27
guide_333_p_5,CCCATGGTGGCAAGGGTTTTTGGTTGGGGG,37.53
guide_334_p_5,CCCATGGTGGCAATGGTTTTTGGTTGGGGG,35.07
guide_335_p_5,CCCATGGTGGCAATGGTTTTTGGTTGGGGG,35.07
guide_336_p_5,CCCATGGTGGCAATGGTTTTTGGTTGGGGG,35.07
guide_337_p_5,CCCATGGTGGCAATGGTTTTTGGTTGGGGG,35.07
guide_338_p_5,CCCATGGTGGCAAGGGTTTTTGGCTGGGGG,29.22
guide_339_p_5,CCCATGGTGGCAATGGTTTTTGGTTGGGGG,35.07
guide_340_p_5,CCCATGGTGGCAATGGTTTTTGGTTGGGGG,35.07
guide_341_p_5,CCCATGGTGGCAATGGTTTTTGGTTGGGGG,35.07
guide_342_p_5,GGCTCCCATGGTGGCAAGGGTTTTTGGTTG,8.42
guide_343_p_5,GGCTCCCATGGTGGCAATGGTTTTTGGTTG,10.25
guide_344_p_5,GGCTCCCATGGTGGCAATGGTTTTTGGTTG,10.25
guide_345_p_5,GGCTCCCATGGTGGCAATGGTTTTTGGTTG,10.25
guide_346_p_5,GGCTCCCATGGTGGCAATGGTTTTTGGTTG,10.25
guide_347_p_5,GGCTCCCATGGTGGCAATGGTTTTTGGTTG,10.25
guide_348_p_5,GGCTCCCATGGTGGCAATGGTTTTTGGTTG,10.25
guide_349_p_5,GGCTCCCATGGTGGCAATGGTTTTTGGTTG,10.25
guide_350_p_5,TGCCCCAGGCTCCCATGGTGGCAAGGGTTT,54.19
guide_350_m_4,AAACCCTTGCCACCATGGGAGCCTGGGGCA,40.33
guide_351_p_5,TGCCCCAGGCTCCCATGGTGGCAATGGTTT,49.98
guide_351_m_4,AAACCATTGCCACCATGGGAGCCTGGGGCA,39.17
guide_352_p_5,TGCCCCAGGCTCCCATGGTGGCAATGGTTT,49.98
guide_352_m_4,AAACCATTGCCACCATGGGAGCCTGGGGCA,39.17
guide_353_p_5,TGCCCCAGGCTCCCATGGTGGCAATGGTTT,49.98
guide_353_m_4,AAACCATTGCCACCATGGGAGCCTGGGGCA,39.17
guide_354_p_5,TGCCCCAGGCTCCCATGGTGGCAATGGTTT,49.98
guide_354_m_4,AAACCATTGCCACCATGGGAGCCTGGGGCA,39.17
guide_355_p_5,TGCCCCAGGCTCCCATGGTGGCAATGGTTT,49.98
guide_355_m_4,AAACCATTGCCACCATGGGAGCCTGGGGCA,39.17
guide_356_p_5,TGCCCCAGGGTCCCATGGTGGCAAGGGTTT,55.57
guide_356_m_4,AAACCCTTGCCACCATGGGACCCTGGGGCA,44.67
guide_357_p_5,TGCCCCAGGCTCCCATGGTGGCAATGGTTT,49.98
guide_357_m_4,AAACCATTGCCACCATGGGAGCCTGGGGCA,39.17
guide_358_p_5,TGCCCCAGGCTCCCATGGTGGCAATGGTTT,49.98
guide_358_m_4,AAACCATTGCCACCATGGGAGCCTGGGGCA,39.17
guide_359_p_5,CTGCCCCAGGCTCCCATGGTGGCAAGGGTT,39.57
guide_359_m_4,AACCCTTGCCACCATGGGAGCCTGGGGCAG,55.05
guide_360_p_5,CTGCCCCAGGGTCCCATGGTGGCAAGGGTT,38.32
guide_360_m_4,AACCCTTGCCACCATGGGACCCTGGGGCAG,57.60
guide_361_p_5,CTTCTCTGCCCCAGGCTCCCATGGTGGCAA,53.95
guide_362_p_5,CTTCTCTGACCCAGGCTCCCATGGTGGCAA,56.42
guide_363_p_5,CTTCTCTGCCCCAGGGTCCCATGGTGGCAA,50.28
guide_364_p_5,TGCCTTCTCTGCCCCAGGCTCCCATGGTGG,49.74
guide_365_p_5,TGCCTTCTCTGACCCAGGCTCCCATGGTGG,55.90
guide_366_p_5,TGCCTTCTCTGCCCCAGGGTCCCATGGTGG,51.23
guide_367_p_5,ACTTCACTGTGCCTTCTCTGCCCCAGGCTC,40.16
guide_368_p_5,ACTTCACTGTGCCTTCTCTGACCCAGGCTC,46.84
guide_369_p_5,AAAATGACAGCACCATTTAGAGCCTGGAAT,34.08
guide_370_p_5,AAATGACAGCACCATTTTAGAGCCTGGAAT,16.83
guide_371_p_5,AAATGACAGCACCATTTTAGAGCCTGGAAT,16.83
guide_372_p_5,AAATGACAGCACCATTTTAGAGCCTGGAAT,16.83
guide_373_p_5,AAATGACAGCACCATTTTAGAGCCTGGAAT,16.83
guide_374_p_5,AAATGACAGCACCATTTTAGAGCCTGGAAT,16.83
guide_375_p_5,AAATGACAGCACCATTTTAGAGCCTGGAAT,16.83
guide_376_p_5,AAATGACAGCACCATTTTAGAGCCTGGAAT,16.83
guide_377_p_5,AAAATTACAGCACCATTTAGAGCCTGGAAT,31.47
guide_378_p_5,TTCCAGAGCTGCAGTATGTTTCTTAGGTGT,21.45
guide_379_p_5,GGTGACCTCTGGATCCCTTCTCTTTGGTTT,19.69
guide_380_p_5,GGTGACTTCTGGATCCCTTCTCTTTGGTTT,21.01
guide_381_p_5,GGTGACTTCTGGATCCCTTCTCTTTGGTTT,21.01
guide_382_p_5,GGTGACTTCTGGATCCCTTCTCTTTGGTTT,21.01
guide_383_p_5,GGTGACTTCTGGATCCCTTCTCTTTGGTTT,21.01
guide_384_p_5,GGTGACTTCTGGATCCCTTCTCTTTGGTTT,21.01
guide_385_p_5,GGTGACTTCTGGATCCCTTCTCTTTGGTTT,21.01
guide_386_p_5,CTTTTCACATATGAGGGTGACCTCTGGATC,37.76
guide_387_p_5,CTTTTCACATATGAGGGTGACTTCTGGATC,18.72
guide_388_p_5,CTTTTCACATATGAGGGTGACTTCTGGATC,18.72
guide_389_p_5,CTTTTCACATATGAGGGTGACTTCTGGATC,18.72
guide_390_p_5,CTTTTCACATATGAGGGTGACTTCTGGATC,18.72
guide_391_p_5,CTTTTCACATATGAGGGTGACTTCTGGATC,18.72
guide_392_p_5,CTTTTCACATATGAGGGTGACTTCTGGATC,18.72
guide_393_p_5,CTTTTCACATATGAGGGTGACTTCTGGATC,18.72
guide_394_p_5,TATCAATTGACTTTTCACATATGAGGGTGA,12.88
guide_395_p_5,TTATCAATTGACTTTTCACATATGAGGGTG,14.43
guide_396_p_5,CATTGCTTTCAATCATCTCCCCTCCGGTTA,42.93
guide_397_p_5,GTTTCCGTAATCCATTTCCTGCACAGGTGC,35.88
guide_398_p_5,GTTTCCGTAATCTATTTCCTGCACAGGTGC,29.10
guide_399_p_5,GTTTCCGTAATCTATTTCCTGCACAGGTGC,29.10
guide_400_p_5,GTTTCCGTAATCTATTTCCTGCACAGGTGC,29.10
guide_401_p_5,GTTTCCGTAATCTATTTCCTGCACAGGTGC,29.10
guide_402_p_5,GTTTCCGTAATCTATTTCCTGCACAGGTGC,29.10
guide_403_p_5,GTTTCCGTAATCTATTTCCTGCACAGGTGC,29.10
guide_404_p_5,GTTTCCGTAATCTATTTCCTGCACAGGTGC,29.10
guide_405_p_5,GTTTCCGTAATCTATTTCCTGCACAGGTGC,29.10
guide_406_p_5,GTTTCCGTAATCTATTTCCTGCACAGGTGC,29.10
guide_407_p_5,GTTTCCGTAATCTATTTCCTGCACAGGTGC,29.10
guide_408_p_5,GAACTTTCCCGGTTCTGGTTTTCTGGGATT,17.49
guide_409_p_5,GAACTTTCCCGGTTCTGTTTTTCTGGGATT,12.23
guide_410_p_5,AGAACTTTCCCGGTTCTGGTTTTCTGGGAT,7.15
guide_411_p_5,AGAACTTTCCCGGTTCTGTTTTTCTGGGAT,4.18
guide_412_p_5,CGACTTCCAGAACTTTCCCGGTTCTGGTTT,24.55
guide_413_p_5,TTTTTCCGACTTCCAGAACTTTCCCGGTTC,19.18
guide_414_p_5,ACAAGGCATTCTGTAAACGTGTATTGGACT,10.31
guide_415_p_5,TAGCCTGTGTTGCCTCGTGGGACAAGGCAT,42.44
guide_415_m_4,ATGCCTTGTCCCACGAGGCAACACAGGCTA,47.28
guide_416_p_5,TAGCCTGTGTTGCCTTGTGGGACAAGGCAT,39.80
guide_416_m_4,ATGCCTTGTCCCACAAGGCAACACAGGCTA,48.72
guide_417_p_5,CTGTGGTAGCCTGTGTTGCCTCGTGGGACA,43.51
guide_418_p_5,CTGTGGTAGCCTGTGTTGCCTTGTGGGACA,30.22
guide_419_p_5,TCTGTGGTAGCCTGTGTTGCCTCGTGGGAC,45.22
guide_420_p_5,TCTGTGGTAGCCTGTGTTGCCTTGTGGGAC,37.08
guide_421_p_5,CACTCCCACCCTGTCCCCCATCTGTGGTAG,52.31
guide_422_p_5,TGCCCCTCAGTAACACCACTGGGATGGTCC,51.40
guide_422_m_4,GGACCATCCCAGTGGTGTTACTGAGGGGCA,44.05
guide_423_p_5,TGCCCCTCAGTAACACCACTGGAATGGTCC,46.88
guide_423_m_4,GGACCATTCCAGTGGTGTTACTGAGGGGCA,43.41
guide_424_p_5,TGCCCCTCAGTAACACCACTGGAATGGTCC,46.88
guide_424_m_4,GGACCATTCCAGTGGTGTTACTGAGGGGCA,43.41
guide_425_p_5,CCTTTGCCCCTCAGTAACACCACTGGGATG,46.98
guide_426_p_5,CCCTTTGCCCCTCAGTAACACCACTGGGAT,51.31
guide_427_p_5,TCTGCCCTGGACACTTGCCTCATAGGGCTA,25.58
guide_428_p_5,TTCTGCCCTGGACACTTGCCTCATAGGGCT,24.20
guide_429_p_5,TTTCACAAAGCTCCAGTTCTGCCCTGGACA,54.67
guide_430_p_5,AGTGCTCTGTCTCTGCCTGGGAAATGGTTT,25.24
guide_431_p_5,CAGCCTAGTGCTCTGTCTCTGCCTGGGAAA,47.61
guide_431_m_4,TTTCCCAGGCAGAGACAGAGCACTAGGCTG,54.59
guide_432_p_5,CCAGCCTAGTGCTCTGTCTCTGCCTGGGAA,29.23
guide_433_p_5,ACAATGGCAGACTTATTGTCAGACTGGCAG,32.37
guide_434_p_5,ACAATGGCAGACTCATTGTCAGACTGGCAG,36.86
guide_435_p_5,ACAATGGCAGACTCATTGTCAGACTGGCAG,36.86
guide_436_p_5,ACAATGGCAGGCTTATTGTCAGACTGGCAG,32.14
guide_437_p_5,ACAATGGCAGACTTACTGTCAGACTGGCAG,37.32
guide_438_p_5,TGTCCAGAGCTGACCAGAGGACAATGGCAG,68.54
guide_438_m_4,CTGCCATTGTCCTCTGGTCAGCTCTGGACA,43.08
guide_439_p_5,TGCTGTGTGTCCAGAGCTGACCAGAGGACA,63.28
guide_440_p_5,CCAGGGTCAATACAACTTTGAAGCTGGTCT,35.38
guide_441_p_5,AAACTGTAATTCCAGGCTCTAAAATGGTGC,28.51
guide_442_p_5,AAACTGTAATTCCAGGCTCTAAAATGGTGC,28.51
guide_443_p_5,AAACTGTAATTCCAGGCTCTAAAATGGTGC,28.51
guide_444_p_5,AAACTGTAATTCCAGGCTCTAAAATGGTGC,28.51
guide_445_p_5,AAACTGTAATTCCAGGCTCTAAAATGGTGC,28.51
guide_446_p_5,AAACTGTAATTCCAGGCTCTAAAATGGTGC,28.51
guide_447_p_5,AAACTGTAATTCCAGGCTCTAAAATGGTGC,28.51
guide_448_p_5,AGGGGGTTCTACTCTGAGGTACTGAGGGAC,62.90
guide_449_p_5,GGGCACAGTCAGGCTGTTTTCCAGGGGGGG,48.28
guide_450_p_5,GGCACAGTCAGGCTGTTTTCCAGGGGGGGG,46.05
guide_451_p_5,CTTCACTGTGCCTTCTCTGCCCCAGGGTCC,62.98
guide_452_p_5,CAGAGCTGACCAGAGGACAATGGCAGGCTT,54.03
guide_453_p_5,ATCGCTTTTCAGCCATCTCACTACAGGTAA,27.48
